"Reservoir","Reservoir_type","Year","Cyanobacteria_Max_cells/ml","logCyanoMax_cells/ml","Chlorophyll_a_ug/l","Secchi_cm","TP_ppb","P_dissolved_ppb","TKN_ppm","NH3_ppm","NOx_ppm","TOC_ppm","Alkalinity_ppm","NH36to8inflow_ppm","TKN6to8inflow_ppm","NOx6to8inflow_ppm","TP6to8inflow_ppb","TOC6to8inflow_ppm","Summer_precip_inches","Summer_precip_Z-score","mayST_Celsius","junST_Celsius","julST_Celsius","augST_Celsius","mayDO_mg/l","junDO_mg/l","mayDT_Celsius","junDT_Celsius","julDT_Celsius","augDT_Celsius"
"BHR",1,1989,"na","na","na","na","12.0","7.5","0.200","0.075","0.100","3.00","27.5","0.100","0.200","0.350","33.5","3.0",18.65,1.259,"18.57","24.66","27.11","26.83","8.49","6.28","12.95","17.04","20.77","22.33"
"BHR",1,1990,"na","na","2.00","116.0","115.0","115","0.075","0.050","0.167","2.30","36.4","0.000","0.100","0.400","33.0","1.0",13.29,-0.129,"20.34","24.50","27.84","26.98","7.50","4.35","14.66","17.62","20.86","21.94"
"BHR",1,1994,"na","na","5.44","na","na","na","na","na","na","3.67","na","na","na","na","na","5.0",10.58,-0.832,"19.26","28.02","29.58","26.92","8.66","4.46","13.79","15.88","21.08","23.53"
"BHR",1,1995,"68.1","1.833","na","138.0","na","na","na","na","na","3.95","51.0","na","na","0.045","na","6.2",6.17,-1.974,"19.07","25.46","28.60","29.43","9.03","3.78","13.73","16.85","19.90","21.81"
"BHR",1,1997,"na","na","3.10","na","na","na","na","na","0.005","2.12","na","na","na","0.005","na","4.9",11.87,-0.497,"18.43","23.45","28.40","27.48","6.95","5.25","15.58","17.49","19.74","21.85"
"BHR",1,2000,"1394.5","3.144","na","80.0","na","na","na","na","na","na","na","na","na","na","na","na",13.93,0.036,"20.15","27.22","27.31","27.60","5.82","3.33","15.28","19.21","21.52","22.32"
"BHR",1,2003,"326.3","2.514","na","91.0","na","na","na","na","na","na","na","na","na","na","na","na",17.45,0.948,"20.75","23.81","27.17","28.46","7.06","6.06","16.54","18.09","20.79","21.84"
"BHR",1,2006,"257.7","2.411","na","98.7","na","na","na","na","na","na","na","na","na","na","na","na",14.9,0.288,"19.18","25.98","28.89","28.40","6.61","4.89","16.19","18.27","20.95","23.04"
"BHR",1,2011,"na","na","na","na","na","na","na","na","na","na","na","na","na","na","na","na",15.61,0.472,"na","na","na","na","na","na","na","na","na","na"
"BHR",1,2012,"na","na","na","84.0","na","na","na","na","na","na","na","na","na","na","na","na",8.44,-1.386,"na","na","na","27.97","na","na","na","na","na","24.67"
"BHR",1,2013,"1045415.5","6.019","na","na","1.3","na","na","0.029","0.094","2.74","na","0.054","na","1.600","140.0","5.7",19.52,1.485,"na","na","na","na","na","na","na","na","na","na"
"BHR",1,2014,"917375.1","5.963","na","108.0","3.5","na","0.100","0.052","0.005","2.90","na","0.092","0.900","0.290","45.8","5.5",21.36,1.962,"na","na","27.30","na","na","na","na","na","24.73","na"
"BHR",1,2015,"10994.2","4.041","1.42","121.0","16.6","na","0.227","0.137","0.018","2.63","na","na","na","na","na","na",18.69,1.27,"na","na","na","28.37","na","na","na","na","na","23.43"
"BHR",1,2016,"60069.1","4.779","2.74","105.0","28.4","na","0.286","0.108","0.041","3.67","104.2","na","na","na","na","na",16.83,0.788,"23.78","27.27","29.67","28.76","9.40","6.02","15.64","19.18","22.48","24.74"
"BRR",2,1989,"na","na","na","96.0","22.0","5","0.280","0.050","0.200","3.25","75.2","0.000","0.200","0.850","54.0","2.0",17.89,1.091,"19.30","26.06","27.79","27.61","4.77","1.23","11.28","15.91","19.57","21.97"
"BRR",2,1990,"na","na","2.50","106.0","na","na","na","na","na","na","94.5","na","na","na","na","na",7.73,-1.535,"17.10","25.00","27.98","27.89","6.68","3.37","13.26","16.67","17.54","17.72"
"BRR",2,1992,"5170.0","3.713","6.75","74.3","61.3","42.14285714","0.267","0.075","0.233","4.78","67.8","0.050","na","1.075","265.0","3.2",14.16,0.127,"20.69","23.69","27.61","26.23","4.99","1.85","12.63","16.38","20.91","21.16"
"BRR",2,1993,"7035.0","3.847","3.52","94.0","na","na","na","0.060","na","4.00","39.5","0.133","na","na","na","3.5",11.13,-0.656,"21.22","26.10","29.80","28.68","6.09","2.72","13.38","15.43","17.51","18.97"
"BRR",2,1995,"6236.3","3.795","11.71","59.7","na","na","na","na","na","5.96","62.0","na","na","na","na","6.2",8.4,-1.362,"20.76","26.13","28.52","29.62","2.41","0.73","14.89","18.37","20.53","21.27"
"BRR",2,1996,"na","na","na","75.7","na","na","na","na","na","3.76","67.4","na","na","0.957","na","4.1",16.72,0.789,"21.32","25.82","27.67","27.76","7.81","2.86","15.87","19.93","20.50","22.37"
"BRR",2,1997,"na","na","13.42","65.0","na","na","na","na","0.136","3.88","na","na","na","0.598","na","7.5",11.65,-0.522,"17.73","23.34","29.15","26.98","4.85","2.23","14.58","17.28","18.65","19.20"
"BRR",2,1998,"11692.2","4.068","16.35","49.7","na","na","na","na","na","na","na","na","na","na","na","na",17.53,0.998,"23.13","26.12","28.98","28.43","5.60","1.44","14.91","17.84","21.28","23.18"
"BRR",2,1999,"7772.8","3.891","na","73.3","8.0","7.5","0.500","na","0.170","2.90","147.5","na","0.175","1.075","35.0","1.4",10.6,-0.793,"22.05","26.63","29.11","28.50","5.13","1.79","14.22","14.98","19.06","19.46"
"BRR",2,2000,"5688.1","3.755","na","55.5","na","na","na","na","na","na","na","na","na","na","na","na",7.89,-1.494,"21.12","26.33","27.90","27.83","5.71","1.47","14.94","18.35","19.57","20.86"
"BRR",2,2001,"2575.8","3.411","na","64.0","na","na","na","na","na","na","na","na","na","na","na","na",15.27,0.414,"23.27","25.91","28.05","29.01","3.66","1.31","13.73","15.42","16.67","17.36"
"BRR",2,2002,"15219.8","4.182","na","49.3","na","na","na","na","na","na","na","na","na","na","na","na",12.64,-0.266,"19.87","27.02","29.57","30.02","4.69","2.06","16.26","16.85","17.55","18.32"
"BRR",2,2004,"21128.0","4.325","na","35.3","na","na","na","na","na","na","na","na","na","na","na","na",15.28,0.416,"23.08","26.64","28.06","26.68","3.26","0.12","15.33","18.59","20.11","22.14"
"BRR",2,2007,"34295.9","4.535","na","36.0","na","na","0.459","0.018","0.008","2.70","70.0","0.015","0.180","0.671","114.8","2.4",8.11,-1.437,"22.92","27.00","28.24","29.94","2.97","1.11","14.90","16.24","17.06","18.27"
"BRR",2,2010,"na","na","na","47.0","na","na","na","na","na","na","na","na","na","na","na","na",15.88,0.571,"na","28.68","29.70","30.10","na","0.57","na","17.31","19.68","22.80"
"BRR",2,2015,"388149.5","5.589","8.29","59.7","13.3","na","0.880","0.122","0.013","3.52","86.4","0.186","0.800","1.181","67.3","2.4",19.19,1.427,"na","26.40","na","28.18","na","0.39","na","15.16","na","23.16"
"BRR",2,2016,"1029119.0","6.012","7.46","51.0","34.9","na","0.566","0.085","0.026","5.88","82.1","na","na","na","na","na",16.61,0.76,"20.85","27.59","29.42","28.86","4.22","0.56","15.35","17.61","21.42","24.36"
"BVR",2,1990,"na","na","5.00","58.0","na","na","na","na","na","na","na","na","na","na","na","na",18.12,1.905,"14.23","19.15","27.29","26.64","8.92","5.56","11.21","13.29","16.86","18.18"
"BVR",2,1991,"na","na","na","na","na","na","na","0.050","na","na","235.5","0.000","na","na","na","3.0",8.77,-0.723,"18.93","26.77","26.11","25.36","6.99","4.26","10.37","15.28","13.45","14.10"
"BVR",2,1993,"30787.0","4.488","9.22","68.0","na","na","na","na","na","na","165.6","na","na","na","na","na",10.83,-0.144,"12.64","na","na","26.04","9.91","na","9.54","na","na","14.03"
"BVR",2,1995,"34748.2","4.541","8.39","53.0","na","na","na","na","na","8.70","122.0","na","na","na","na","16.4",12.34,0.281,"15.86","23.69","26.13","28.88","9.75","4.70","11.47","15.40","16.59","18.18"
"BVR",2,1996,"na","na","na","55.0","na","na","na","na","na","5.22","134.3","na","na","2.540","na","6.1",12.84,0.421,"14.49","23.46","26.55","26.73","9.54","5.31","11.67","15.32","16.89","17.06"
"BVR",2,1997,"na","na","12.34","70.7","na","na","na","na","1.590","5.15","na","na","na","2.120","na","8.9",10.19,-0.324,"14.51","20.30","26.86","27.68","7.60","5.77","10.35","15.23","16.24","17.30"
"BVR",2,2003,"1770.4","3.248","na","83.7","na","na","na","na","na","na","na","na","na","na","na","na",15.57,1.188,"17.26","20.82","26.63","26.93","6.32","2.45","10.04","13.05","18.76","22.06"
"BVR",2,2004,"3647.2","3.562","na","99.5","na","na","na","na","na","na","na","na","na","na","na","na",11.87,0.149,"18.55","24.65","25.28","24.97","7.04","3.06","10.04","16.11","18.82","19.95"
"BVR",2,2007,"5751.5","3.760","na","52.0","na","na","0.413","0.018","0.674","5.78","142.0","0.000","0.215","1.488","9.0","4.1",8.06,-0.922,"19.72","25.25","26.39","27.92","7.64","4.21","9.35","10.79","12.44","13.56"
"BVR",2,2008,"24493.3","4.389","na","na","19.7","na","0.858","0.062","1.168","10.88","167.5","0.113","0.400","1.550","8.3","21.0",6.11,-1.47,"16.65","24.03","25.65","26.41","7.96","3.81","11.25","17.93","20.96","21.40"
"BVR",2,2009,"na","na","na","68.5","97.5","na","0.763","0.112","4.215","14.65","153.3","0.058","0.530","7.300","45.0","23.0",9.29,-0.576,"19.24","24.85","25.65","27.07","7.26","3.28","12.90","15.70","16.79","18.57"
"BVR",2,2010,"na","na","na","na","na","na","na","na","na","na","na","na","na","na","na","na",8.15,-0.897,"17.69","25.72","28.54","28.62","6.64","1.76","11.95","16.81","22.27","21.82"
"BVR",2,2014,"38359.4","4.584","na","35.0","na","na","na","na","na","na","na","0.092","1.000","1.410","38.6","2.9",12.75,0.396,"na","na","na","25.33","na","na","na","na","na","18.44"
"BVR",2,2015,"202880.1","5.307","9.24","35.0","27.0","na","1.700","0.125","1.435","5.20","na","0.214","0.900","2.380","9.0","4.4",15.74,1.236,"na","na","25.64","26.66","na","na","na","na","17.99","21.91"
"BVR",2,2016,"901215.4","5.955","9.15","52.0","42.8","na","0.656","0.028","0.028","7.94","na","0.018","0.399","0.623","107.0","5.9",14.4,0.86,"16.19","24.65","26.89","29.16","6.01","2.90","11.38","12.58","13.42","14.12"
"BVR",2,2017,"1388807.7","6.143","6.75","76.0","62.4","27","0.722","0.116","1.578","6.10","180.3","0.092","0.340","2.950","60.0","4.4",13.98,0.742,"17.96","23.59","26.61","26.65","6.05","2.06","13.27","16.87","21.61","23.20"
"BVR",2,2018,"239695.5","5.380","4.75","156.0","70.6","55.3","0.618","0.150","0.738","4.91","157.0","0.137","0.277","0.952","93.0","3.4",14.49,0.885,"21.03","27.59","27.50","28.33","10.08","4.70","10.58","11.81","13.85","13.61"
"CBR",3,1987,"na","na","26.38","46.0","18.6","6.142857143","0.429","0.157","0.986","2.36","186.7","0.000","0.258","4.133","14.8","2.6",9.67,-0.637,"na","na","na","na","na","na","na","na","na","na"
"CBR",3,1990,"na","na","4.67","36.0","na","na","na","na","na","na","na","na","na","na","na","na",16.11,1.349,"16.21","20.20","23.51","24.49","8.55","na","14.28","18.09","19.83","21.19"
"CBR",3,1991,"na","na","na","na","na","na","na","0.050","na","4.00","7.9","0.000","0.140","1.310","108.0","2.8",5.4,-1.953,"17.97","24.98","26.85","23.28","-0.09","0.09","13.37","17.13","19.22","20.76"
"CBR",3,1992,"7774.5","3.891","15.01","36.0","90.0","45","0.800","0.200","0.400","4.75","86.0","0.125","0.750","1.863","45.0","3.8",12.0,0.082,"15.31","20.30","23.86","24.28","7.96","2.83","14.86","15.44","19.67","21.59"
"CBR",3,1994,"na","na","20.28","33.5","na","na","na","na","na","10.40","na","na","na","na","na","10.2",11.8,0.02,"15.37","24.13","25.09","23.94","7.68","0.79","14.24","18.74","21.41","22.40"
"CBR",3,2004,"15608.5","4.193","na","35.3","na","na","na","na","na","na","na","na","na","na","na","na",8.05,-1.136,"18.58","23.01","24.89","23.61","5.05","2.91","17.47","21.98","23.83","22.73"
"CBR",3,2005,"71148.0","4.852","na","25.0","na","na","na","na","na","na","na","na","na","na","na","na",7.09,-1.432,"16.91","23.78","26.82","25.85","8.08","1.34","14.20","19.53","23.31","23.79"
"CBR",3,2008,"277333.3","5.443","na","27.0","43.4","na","1.204","0.047","0.029","11.71","158.6","0.044","0.345","2.035","7.8","20.0",12.86,0.347,"16.67","22.82","24.98","25.49","7.92","2.72","15.97","21.59","23.74","24.08"
"CBR",3,2009,"na","na","na","28.0","154.3","na","0.964","0.066","0.655","16.60","170.0","0.025","0.385","12.250","28.5","18.0",11.01,-0.224,"19.21","23.79","25.08","25.18","6.66","1.62","17.22","20.58","21.75","23.40"
"CBR",3,2014,"2393493.4","6.379","na","34.0","35.8","na","1.600","0.067","0.005","5.00","na","na","na","na","na","na",9.41,-0.717,"na","na","na","na","na","na","na","na","na","na"
"CBR",3,2016,"na","na","na","na","na","na","na","na","na","na","na","na","na","na","na","na",8.65,-0.951,"17.68","24.46","27.56","27.14","6.22","1.48","14.47","18.91","21.58","22.77"
"CBR",3,2017,"2614925.2","6.417","19.98","36.0","35.6","19.3","1.010","0.061","0.998","9.18","192.3","0.029","0.195","3.740","57.5","3.5",15.97,1.306,"18.20","22.98","25.18","25.43","6.42","0.62","16.45","20.26","24.16","23.72"
"CCK",2,1988,"2.4","0.380","23.13","44.0","20.8","32.5","0.478","0.050","3.624","3.72","138.4","0.000","0.367","1.740","23.8","4.2",10.17,-0.712,"na","na","na","na","na","na","na","na","na","na"
"CCK",2,1989,"na","na","7.33","41.0","27.4","10.85714286","0.353","0.145","3.474","2.61","143.0","0.000","0.467","3.067","48.7","3.3",12.48,-0.029,"15.94","22.87","26.89","25.22","7.75","3.59","9.99","13.02","13.35","13.29"
"CCK",2,1991,"na","na","na","60.0","na","na","na","0.050","na","4.00","na","0.000","0.225","0.675","168.3","4.3",8.25,-1.28,"19.94","24.43","26.29","25.30","9.40","na","10.35","11.49","14.72","12.60"
"CCK",2,1994,"na","na","11.46","47.0","na","na","na","na","na","7.86","na","na","na","na","na","9.5",14.1,0.45,"15.87","25.41","27.45","26.00","8.76","3.24","9.69","10.62","11.60","11.56"
"CCK",2,1996,"na","na","na","38.7","na","na","na","na","2.990","5.83","101.7","na","na","2.400","na","5.2",12.06,-0.153,"16.79","23.44","25.65","27.61","7.20","3.96","12.29","15.69","16.28","16.21"
"CCK",2,1998,"3094.9","3.491","28.46","52.3","na","na","na","na","na","na","na","na","na","na","na","na",14.77,0.649,"20.60","23.15","27.77","26.92","4.58","2.23","11.14","14.72","16.89","18.13"
"CCK",2,1999,"15475.5","4.190","na","62.0","23.5","5","1.800","na","4.384","4.19","102.7","na","1.750","0.965","53.8","3.9",8.16,-1.307,"20.04","24.67","28.21","26.59","7.19","4.59","8.41","9.51","9.91","10.31"
"CCK",2,2000,"33817.7","4.529","na","41.3","na","na","na","na","na","na","na","na","na","na","na","na",14.24,0.492,"18.89","23.73","26.61","25.21","5.55","2.65","9.76","11.17","13.22","13.74"
"CCK",2,2002,"41737.1","4.621","na","25.3","na","na","na","na","na","na","na","na","na","na","na","na",17.3,1.397,"17.49","24.87","28.44","28.49","6.33","2.93","12.83","15.08","15.26","15.98"
"CCK",2,2003,"123446.4","5.091","na","70.3","na","na","na","na","na","na","na","na","na","na","na","na",13.87,0.382,"17.32","22.32","25.83","27.48","5.53","2.20","10.64","13.39","15.52","16.23"
"CCK",2,2006,"15802.9","4.199","na","45.3","na","na","na","na","na","na","na","na","na","na","na","na",12.68,0.03,"17.65","23.82","27.76","27.98","6.82","3.20","8.72","11.33","11.68","11.84"
"CCK",2,2007,"146969.2","5.167","na","30.0","na","na","0.920","0.118","0.234","3.81","112.0","0.000","0.366","0.289","27.0","2.6",9.3,-0.97,"20.93","24.72","25.65","27.87","7.11","4.00","7.80","9.17","9.23","10.01"
"CCK",2,2008,"15428.6","4.188","na","na","37.5","na","na","0.069","1.960","7.92","130.0","0.061","na","0.474","25.0","20.3",11.03,-0.458,"16.97","23.68","25.88","26.15","6.02","2.56","9.88","17.56","17.90","17.67"
"CCK",2,2009,"na","na","na","54.0","136.4","na","0.907","0.076","4.825","12.61","190.0","0.115","0.810","6.550","94.5","16.5",10.05,-0.748,"20.19","na","24.86","23.72","6.28","na","9.56","na","10.67","11.51"
"CCK",2,2014,"787281.3","5.896","na","46.0","53.0","na","1.800","0.176","0.717","4.45","142.0","na","na","na","na","na",14.66,0.616,"na","na","na","na","na","na","na","na","na","na"
"CCK",2,2015,"572727.2","5.758","12.67","25.0","24.5","na","1.138","0.145","1.237","4.90","142.4","0.110","0.400","4.590","22.0","3.5",18.84,1.853,"na","na","26.03","na","na","na","na","na","20.82","na"
"CCK",2,2016,"na","na","na","na","na","na","na","na","na","na","na","na","na","na","na","na",12.87,0.087,"17.39","27.50","28.07","28.46","5.58","3.05","10.24","11.36","11.42","12.00"
"CCK",2,2018,"1394779.7","6.145","17.15","50.7","71.7","38.86666667","0.732","0.117","1.049","5.69","134.0","0.092","0.390","2.690","64.8","4.6",18.57,1.773,"18.84","25.22","28.39","26.37","6.62","3.14","10.80","11.59","12.93","13.68"
"CFK",1,1989,"na","na","5.63","63.0","10.8","5","na","0.100","na","1.67","61.8","0.150","na","na","38.3","3.3",20.52,1.453,"16.72","24.31","26.93","27.02","7.05","4.59","10.02","13.55","15.06","15.39"
"CFK",1,1991,"na","na","na","na","na","na","na","0.050","na","2.00","66.0","0.000","na","na","na","6.2",12.16,-0.412,"22.80","26.98","29.23","27.12","na","4.55","9.85","10.29","10.91","12.39"
"CFK",1,1992,"2333.3","3.368","5.31","73.0","na","na","na","0.058","na","5.33","43.0","0.044","na","na","na","4.2",16.66,0.592,"19.55","24.08","26.53","26.37","7.33","6.21","8.39","8.80","11.24","13.20"
"CFK",1,1997,"na","na","5.16","48.0","na","na","na","na","0.018","4.04","na","na","na","0.267","na","5.6",13.95,-0.013,"17.83","24.52","28.44","27.08","5.03","3.24","11.66","13.84","17.45","17.66"
"CFK",1,2003,"11475.5","4.060","na","59.3","na","na","na","na","na","na","na","na","na","na","na","na",19.42,1.207,"21.30","24.05","26.30","27.87","6.01","2.77","13.33","16.95","17.67","18.63"
"CFK",1,2005,"171.4","2.234","na","92.0","na","na","na","na","na","na","na","na","na","na","na","na",9.66,-0.969,"21.71","27.76","27.18","28.75","6.10","4.37","10.83","11.48","12.79","13.32"
"CFK",1,2006,"2919.0","3.465","na","99.7","na","na","na","na","na","na","na","na","na","na","na","na",11.54,-0.55,"21.30","25.38","28.40","28.78","6.75","3.38","11.00","12.28","14.14","16.08"
"CFK",1,2008,"1876.3","3.273","na","216.0","0.7","na","0.230","0.038","0.017","12.57","172.9","0.052","0.240","0.267","21.9","20.0",9.46,-1.014,"18.12","24.07","27.08","27.20","5.89","4.58","8.72","9.12","10.96","12.59"
"CFK",1,2009,"na","na","na","67.0","39.8","na","0.781","0.043","0.126","8.31","120.0","0.041","0.589","3.187","269.3","9.2",16.58,0.574,"21.96","24.88","26.52","27.97","8.85","4.59","12.86","15.62","18.06","19.43"
"CFK",1,2010,"na","na","na","100.0","na","na","na","na","na","na","na","na","na","na","na","na",13.24,-0.171,"21.88","28.93","29.46","29.73","8.12","4.08","11.36","12.02","13.44","15.24"
"CFK",1,2016,"85879.1","4.934","2.02","249.0","31.6","na","0.286","0.102","0.040","4.21","131.0","na","na","na","na","na",16.45,0.545,"19.56","27.40","29.35","30.43","6.21","7.04","10.05","12.78","13.92","15.94"
"CFK",1,2017,"67562.9","4.830","4.05","156.0","7.6","57.7","0.164","0.065","0.006","4.23","94.4","0.081","0.160","0.164","20.0","2.7",14.18,0.039,"21.13","26.07","28.85","28.14","6.36","3.29","13.21","15.57","16.39","18.12"
"CFK",1,2018,"396553.2","5.598","6.19","168.0","88.8","89.2","0.152","0.074","0.036","3.26","129.5","na","na","na","na","na",17.41,0.759,"23.35","27.41","29.35","28.33","6.40","5.90","10.83","12.84","14.89","16.29"
"CHL",3,1987,"na","na","45.60","24.0","23.5","18","0.400","0.050","1.000","4.50","129.5","0.000","0.300","1.950","84.0","2.5",18.17,1.736,"na","na","na","na","na","na","na","na","na","na"
"CHL",3,1988,"na","na","30.80","36.0","50.0","1150","0.400","0.050","3.900","2.33","113.0","0.000","0.400","0.325","47.5","1.8",6.88,-1.307,"na","na","na","na","na","na","na","na","na","na"
"CHL",3,1989,"na","na","8.25","42.0","27.0","26","0.500","0.050","3.200","1.50","121.5","0.150","0.500","2.400","118.5","2.5",13.61,0.507,"16.74","24.77","27.04","25.81","5.92","0.98","10.87","16.16","18.83","21.87"
"CHL",3,1991,"na","na","na","na","13.3","5","0.600","0.050","1.600","na","176.0","0.000","0.250","0.150","32.5","7.0",7.12,-1.242,"20.78","27.44","27.93","25.27","4.39","3.99","12.77","14.13","14.96","15.20"
"CHL",3,1996,"na","na","na","58.0","na","na","na","na","na","5.50","137.0","na","na","3.860","na","6.5",9.52,-0.595,"16.32","23.37","26.24","26.72","6.15","2.62","12.90","15.87","19.37","20.53"
"CHL",3,1997,"na","na","4.33","58.0","na","na","na","na","2.630","4.39","na","na","na","0.371","na","6.9",8.95,-0.749,"15.44","21.77","27.57","25.39","6.86","3.29","13.36","15.71","17.55","18.53"
"CHL",3,2000,"29638.5","4.472","na","20.0","na","na","na","na","na","na","na","na","na","na","na","na",15.89,1.122,"19.54","24.16","26.87","26.35","na","2.51","na","16.90","19.13","19.68"
"CHL",3,2004,"31371.5","4.497","na","32.0","na","na","na","na","na","na","na","na","na","na","na","na",12.15,0.114,"19.82","25.24","26.38","24.86","2.64","1.12","13.96","18.92","21.61","21.20"
"CHL",3,2005,"57073.0","4.756","na","38.0","na","na","na","na","na","na","na","na","na","na","na","na",14.53,0.755,"18.43","24.91","26.98","27.74","5.81","0.51","12.91","16.41","17.89","20.34"
"CHL",3,2006,"53024.8","4.724","na","39.3","na","na","na","na","na","na","na","na","na","na","na","na",9.39,-0.63,"17.62","25.61","26.19","27.95","4.79","1.28","14.22","17.30","20.52","21.87"
"CHL",3,2008,"55698.8","4.746","na","42.0","52.0","na","0.806","0.142","1.560","10.88","110.0","0.082","0.835","4.850","165.0","21.5",18.18,1.739,"15.61","23.71","26.29","26.90","6.60","1.57","13.30","18.11","22.53","25.51"
"CHL",3,2009,"na","na","na","42.0","83.6","na","0.859","0.106","8.179","12.11","145.0","0.195","1.300","9.250","160.0","13.5",12.79,0.286,"18.20","26.29","26.50","26.22","3.78","0.60","14.37","18.50","21.19","22.61"
"CHL",3,2014,"na","na","na","72.0","35.8","na","1.750","0.089","0.883","4.30","126.0","na","na","na","na","na",7.44,-1.156,"na","na","24.90","na","na","na","na","na","17.32","na"
"CHL",3,2015,"463806.6","5.666","18.40","38.0","4.4","na","1.060","0.094","0.816","5.26","128.0","0.080","0.600","2.650","2.0","2.8",13.1,0.37,"na","na","25.80","26.91","na","na","na","na","21.10","22.28"
"CHL",3,2018,"5320729.4","6.726","24.98","30.0","75.8","46.8","1.227","0.091","1.193","8.21","109.5","0.044","0.451","4.510","122.0","4.7",14.2,0.666,"19.26","26.50","27.90","na","6.34","0.51","11.27","14.90","21.58","21.26"
"CMR",3,1987,"na","na","71.20","24.0","5.0","5","0.400","0.050","1.050","6.00","116.0","0.100","0.400","1.500","108.0","4.0",18.79,1.555,"na","na","na","na","na","na","na","na","na","na"
"CMR",3,1988,"na","na","23.00","36.0","70.0","na","0.400","0.050","1.500","2.50","108.5","0.000","0.250","1.075","85.0","3.0",8.74,-1.028,"na","na","na","na","na","na","na","na","na","na"
"CMR",3,1990,"na","na","14.23","15.8","183.7","100.1818182","0.809","0.468","1.390","4.91","83.0","0.000","0.467","1.900","88.7","2.2",13.89,0.296,"16.11","23.84","27.54","25.42","9.13","8.73","11.53","15.87","19.13","20.93"
"CMR",3,1991,"na","na","na","na","28.3","5","0.581","0.250","0.567","6.67","121.0","0.000","0.350","0.350","48.0","6.0",11.79,-0.244,"22.23","27.08","27.85","26.41","4.58","0.81","12.10","14.62","17.63","19.14"
"CMR",3,1993,"51040.0","4.708","na","37.0","na","na","na","0.200","na","4.00","104.0","0.200","na","na","na","3.0",19.62,1.768,"17.79","23.85","27.71","26.64","7.54","5.14","13.01","17.00","20.95","21.66"
"CMR",3,1994,"na","na","19.22","20.0","na","na","na","na","na","8.00","na","na","na","na","na","13.7",11.2,-0.396,"18.53","25.55","28.60","25.85","3.03","0.20","12.34","16.79","20.33","20.96"
"CMR",3,1999,"42653.4","4.630","na","28.0","40.0","50","na","na","na","7.00","83.0","na","0.400","0.260","70.0","3.8",11.75,-0.254,"21.50","24.30","29.91","26.85","1.77","0.25","13.92","17.82","19.47","20.59"
"CMR",3,2001,"39080.5","4.592","na","38.0","na","na","na","na","na","na","na","na","na","na","na","na",16.53,0.974,"22.65","23.46","27.83","28.94","1.00","0.77","15.45","17.73","19.39","22.01"
"CMR",3,2002,"10765.4","4.032","na","37.0","na","na","na","na","na","na","na","na","na","na","na","na",10.15,-0.666,"20.60","25.31","30.46","28.22","5.53","1.43","13.42","16.13","19.98","21.35"
"CMR",3,2005,"43400.0","4.637","na","31.0","na","na","na","na","na","na","na","na","na","na","na","na",19.08,1.63,"20.15","27.15","28.56","29.56","4.56","0.50","13.58","17.71","20.39","22.25"
"CMR",3,2010,"195379.8","5.291","na","31.0","32.0","na","0.650","0.025","1.400","4.40","110.0","0.000","1.500","1.500","180.0","8.0",11.91,-0.213,"20.70","26.98","28.38","29.08","2.09","-0.04","16.22","18.20","23.74","24.30"
"CMR",3,2015,"344742.1","5.537","6.05","37.0","27.3","na","1.333","0.140","0.354","4.90","145.2","0.164","0.800","0.849","60.0","3.0",11.64,-0.283,"na","na","na","27.08","na","na","na","na","na","22.00"
"CMR",3,2018,"1136676.0","6.056","23.83","41.0","93.1","46.6","1.259","0.167","0.268","8.43","114.0","0.163","0.375","0.328","161.0","3.9",12.09,-0.167,"21.63","27.20","29.53","27.01","5.41","-0.08","10.43","14.86","20.33","21.50"
"CRR",1,1990,"na","na","1.00","118.0","na","na","na","na","na","na","na","na","na","na","na","na",14.52,0.182,"17.72","23.26","27.07","26.82","8.10","5.04","11.41","15.34","16.03","17.18"
"CRR",1,1991,"na","na","na","na","na","na","na","0.050","na","1.00","28.5","0.025","0.175","0.163","36.0","3.8",11.45,-0.702,"21.28","25.89","27.83","26.62","8.25","7.43","11.29","12.78","15.05","15.48"
"CRR",1,1992,"44091.7","4.644","1.91","134.5","15.0","50","0.275","0.050","0.300","2.67","22.2","0.125","0.525","0.350","55.5","2.8",13.99,0.029,"19.04","21.62","26.97","25.35","9.21","8.04","9.31","10.28","13.31","15.45"
"CRR",1,1993,"972.2","2.988","2.61","116.0","na","na","na","na","na","na","18.1","na","na","na","na","na",14.93,0.3,"19.14","24.07","28.97","27.57","9.79","7.07","9.88","12.96","13.85","15.39"
"CRR",1,1996,"na","na","na","94.0","na","na","na","na","0.376","3.15","33.1","na","na","0.303","na","3.3",10.87,-0.869,"18.42","25.74","27.25","27.27","10.15","4.96","12.55","16.04","17.11","17.15"
"CRR",1,1998,"83.5","1.922","4.34","117.0","na","na","na","na","na","na","na","na","na","na","na","na",13.84,-0.014,"21.75","25.12","27.52","27.90","7.45","4.31","12.92","15.85","18.33","18.50"
"CRR",1,2000,"139.2","2.144","na","85.0","na","na","na","na","na","na","na","na","na","na","na","na",20.63,1.942,"20.42","25.83","27.46","27.22","6.34","4.18","12.28","13.55","17.57","20.36"
"CRR",1,2002,"302.8","2.481","na","100.3","na","na","na","na","na","na","na","na","na","na","na","na",7.17,-1.935,"18.59","26.36","28.46","28.19","6.46","2.90","13.89","14.82","14.78","15.52"
"CRR",1,2003,"191.5","2.282","na","129.0","na","na","na","na","na","na","na","na","na","na","na","na",14.9,0.292,"18.87","23.60","27.37","27.14","5.57","4.48","13.20","16.87","17.56","18.19"
"CRR",1,2004,"552.5","2.742","na","125.7","na","na","na","na","na","na","na","na","na","na","na","na",18.24,1.254,"21.68","25.95","27.26","25.86","6.63","4.27","12.28","17.15","18.70","19.02"
"CRR",1,2006,"132.5","2.122","na","145.0","na","na","na","na","na","na","na","na","na","na","na","na",11.36,-0.728,"19.58","24.32","27.62","27.77","6.87","6.36","11.57","12.80","14.48","15.33"
"CRR",1,2008,"76266.2","4.882","na","na","4.7","na","na","0.060","0.060","10.34","83.6","na","na","na","na","na",12.89,-0.287,"17.85","24.92","26.25","25.96","6.85","4.22","12.10","13.44","14.25","14.54"
"CRR",1,2010,"na","na","na","na","na","na","na","na","na","na","na","na","na","na","na","na",12.31,-0.454,"21.43","26.50","29.04","28.36","6.24","2.78","13.33","15.53","16.50","17.42"
"CRR",1,2013,"60547.5","4.782","na","119.0","10.4","na","0.749","0.014","0.205","2.95","59.0","na","na","na","na","na",13.57,-0.092,"na","na","na","na","na","na","na","na","na","na"
"CRR",1,2014,"1941.5","3.288","na","152.0","51.4","na","1.440","0.163","0.275","5.42","na","na","na","na","na","na",13.55,-0.097,"na","na","28.50","na","na","na","na","na","14.24","na"
"EFR",2,1987,"na","na","10.87","39.0","26.2","5","0.486","0.129","0.494","4.86","104.7","0.000","0.400","0.775","202.0","7.5",10.8,-0.627,"na","na","na","na","na","na","na","na","na","na"
"EFR",2,1988,"na","na","24.47","62.0","110.8","420","0.450","0.091","0.283","4.56","128.0","0.400","0.700","2.500","na","7.0",8.99,-1.082,"na","na","na","na","na","na","10.91","na","na","na"
"EFR",2,1989,"na","na","8.38","46.0","67.6","15","0.511","0.111","0.406","5.67","95.5","0.300","0.700","1.700","417.0","6.0",10.41,-0.725,"15.38","24.14","26.86","26.02","4.24","2.23","11.09","13.91","14.21","14.31"
"EFR",2,1990,"na","na","5.67","25.2","103.5","78","0.521","0.110","0.661","6.12","66.4","0.033","0.367","1.967","249.7","5.7",12.65,-0.163,"16.59","23.06","26.86","26.54","5.53","1.72","12.16","16.44","16.97","17.18"
"EFR",2,1991,"na","na","na","na","52.9","13.5","0.378","0.075","0.725","6.04","9.7","0.000","0.283","0.050","239.0","6.3",15.12,0.458,"22.24","26.75","27.19","26.50","4.44","1.79","11.76","13.15","14.75","15.13"
"EFR",2,1995,"4962.2","3.696","7.78","35.6","na","na","na","na","na","9.46","87.5","na","na","na","na","11.5",12.46,-0.21,"18.75","25.09","27.23","29.52","4.15","0.62","12.54","18.47","18.62","18.68"
"EFR",2,1997,"na","na","16.37","42.3","14.9","17.2","0.032","na","0.764","7.51","na","na","na","0.521","na","7.2",18.26,1.247,"15.39","22.89","28.81","26.77","3.86","3.10","10.62","16.18","19.95","20.18"
"EFR",2,2001,"7777.0","3.891","na","36.3","na","na","na","na","na","na","na","na","na","na","na","na",22.18,2.231,"20.42","24.48","27.17","28.26","3.89","1.31","8.48","11.94","14.97","21.69"
"EFR",2,2003,"16434.3","4.216","34.08","40.7","111.2","40.775","0.785","na","0.437","7.52","82.4","na","0.553","0.409","214.5","5.9",15.33,0.511,"19.46","23.27","27.42","27.52","4.41","1.09","13.78","18.36","18.83","19.64"
"EFR",2,2007,"2260.9","3.354","na","52.0","na","na","0.637","0.018","0.010","5.81","92.0","0.000","0.826","0.407","163.0","7.1",7.49,-1.459,"22.65","24.98","26.49","27.77","3.84","1.26","7.91","8.77","9.84","10.18"
"EFR",2,2008,"59671.3","4.776","na","na","102.0","na","na","0.040","0.084","6.73","105.3","0.105","na","0.250","470.0","8.3",10.6,-0.678,"18.86","25.66","26.88","26.08","4.00","1.50","11.91","16.08","16.73","16.91"
"EFR",2,2009,"505107.5","5.703","na","34.5","300.0","na","1.137","0.126","0.245","14.00","92.0","0.028","1.027","1.673","646.7","13.4",17.61,1.083,"21.56","24.98","25.54","27.84","3.47","0.92","10.71","13.38","14.22","22.19"
"EFR",2,2010,"536722.5","5.730","na","44.8","96.2","na","1.674","0.057","0.193","6.41","89.3","0.000","0.936","1.231","236.8","6.8",13.19,-0.027,"20.78","26.47","28.81","29.14","3.35","0.45","14.40","18.02","20.27","20.27"
"EFR",2,2011,"483738.4","5.685","na","45.0","na","na","na","na","na","na","na","na","na","0.570","na","na",13.87,0.144,"na","na","na","na","na","na","na","na","na","na"
"EFR",2,2012,"1316.4","3.119","12.15","59.7","105.3","na","0.983","0.069","0.178","6.10","85.0","0.000","0.560","1.025","325.0","4.1",8.38,-1.235,"22.81","26.00","28.06","27.33","2.23","-0.08","15.14","16.24","16.48","16.38"
"EFR",2,2013,"638834.3","5.805","na","33.3","81.4","na","1.190","0.041","0.216","8.42","91.8","0.033","0.200","1.050","245.0","5.6",15.36,0.518,"na","na","27.52","26.98","na","na","na","na","na","16.50"
"EFR",2,2014,"564399.6","5.752","na","38.3","58.8","na","2.177","0.167","0.053","7.64","103.3","0.130","2.400","0.189","390.5","10.8",11.16,-0.537,"na","na","26.55","25.59","na","na","na","na","15.59","15.42"
"EFR",2,2017,"12803359.0","7.107","5.46","22.0","165.7","175.5","1.667","0.115","0.118","11.98","90.5","0.087","0.665","0.901","263.0","7.9",12.99,-0.077,"20.55","25.94","26.56","25.81","2.48","0.09","15.31","16.56","21.80","20.92"
"GRR",2,1987,"na","na","3.00","na","5.0","5","0.100","0.050","0.300","1.00","47.5","0.000","0.175","0.050","8.5","2.0",19.83,1.491,"na","na","na","na","na","na","na","na","na","na"
"GRR",2,1988,"na","na","2.40","120.0","50.0","na","0.400","0.050","0.450","1.25","45.0","0.000","0.267","0.067","103.3","1.7",13.06,-0.183,"na","na","na","na","na","na","na","na","na","na"
"GRR",2,1989,"na","na","11.88","72.0","7.3","5","0.200","na","na","na","47.0","0.100","0.250","0.900","21.5","2.0",12.43,-0.339,"18.29","24.90","26.29","26.38","8.89","2.84","9.30","11.68","14.36","15.20"
"GRR",2,1992,"20524.7","4.312","10.69","108.0","44.3","52","0.950","0.064","0.200","4.11","34.4","0.050","0.900","0.700","276.0","3.7",16.01,0.546,"na","22.20","25.18","24.28","na","5.10","na","12.04","15.27","15.65"
"GRR",2,1993,"6600.0","3.820","4.22","90.0","na","na","na","na","na","na","62.2","na","na","na","na","na",10.62,-0.786,"19.49","24.84","29.44","28.26","7.63","6.08","10.40","10.83","11.67","12.79"
"GRR",2,1995,"2733.3","3.437","4.35","85.0","na","na","na","na","na","6.08","34.0","na","na","na","na","4.7",8.59,-1.288,"19.48","26.43","28.94","30.00","6.06","1.28","12.13","16.23","17.08","17.34"
"GRR",2,1996,"na","na","na","79.3","na","na","na","na","na","3.91","47.0","na","na","0.441","na","3.2",15.2,0.346,"19.84","26.51","27.41","27.39","4.95","2.73","12.51","14.67","16.36","18.37"
"GRR",2,1997,"na","na","7.31","59.3","na","na","na","na","0.005","5.47","na","na","na","0.005","na","4.0",18.8,1.236,"17.11","22.34","29.37","26.94","5.45","2.88","12.60","14.67","16.17","16.13"
"GRR",2,1998,"2063.9","3.315","10.84","73.0","na","na","na","na","na","na","na","na","na","na","na","na",16.3,0.618,"23.49","26.11","28.92","27.92","5.53","2.93","14.43","16.27","18.12","17.92"
"GRR",2,1999,"2475.2","3.394","na","90.0","9.2","5.833333333","0.350","na","0.290","3.13","37.5","na","0.300","0.140","16.7","2.4",5.96,-1.939,"21.64","25.98","28.83","27.99","6.95","3.81","12.09","12.63","13.36","13.87"
"GRR",2,2000,"2563.1","3.409","na","78.0","na","na","na","na","na","na","na","na","na","na","na","na",12.66,-0.282,"21.03","25.95","27.42","27.16","4.83","2.03","13.26","13.89","14.38","15.27"
"GRR",2,2001,"7629.7","3.883","na","74.0","na","na","na","na","na","na","na","na","na","na","na","na",11.37,-0.601,"22.23","25.10","27.59","28.85","4.81","3.01","10.42","11.57","12.41","13.28"
"GRR",2,2003,"35664.3","4.552","na","39.3","na","na","na","na","na","na","na","na","na","na","na","na",15.84,0.504,"19.75","24.21","27.67","28.39","4.34","1.56","11.75","14.05","15.05","15.44"
"GRR",2,2004,"59756.5","4.776","na","38.3","na","na","na","na","na","na","na","na","na","na","na","na",13.95,0.037,"22.59","26.17","27.74","26.54","4.24","1.96","11.74","14.27","14.90","15.63"
"GRR",2,2006,"1387.5","3.142","na","78.7","30.0","na","0.559","na","0.113","3.56","44.1","na","0.587","0.537","83.3","4.0",16.77,0.734,"20.43","25.53","28.01","28.47","5.00","2.19","11.84","13.33","14.36","14.97"
"GRR",2,2013,"451559.0","5.655","na","na","11.2","na","0.290","0.011","0.160","2.86","54.0","0.000","0.580","0.230","20.0","4.9",20.03,1.54,"na","na","na","na","na","na","na","na","na","na"
"GRR",2,2014,"260796.2","5.416","na","70.0","8.1","na","0.900","0.059","0.011","3.50","na","0.065","0.900","0.022","28.7","2.7",13.33,-0.116,"na","na","25.99","na","na","na","na","na","na","na"
"HTR",3,1987,"na","na","25.80","na","164.0","157.5","1.300","0.200","7.200","7.00","150.5","0.100","0.750","2.000","348.0","9.0",13.06,-0.075,"na","na","na","na","na","na","na","na","na","na"
"HTR",3,1988,"na","na","46.00","24.0","65.0","13.5","0.950","0.050","0.600","4.50","177.5","0.167","0.600","0.333","223.3","3.7",6.94,-1.423,"na","na","na","na","na","na","na","na","na","na"
"HTR",3,1995,"2119.4","3.326","na","18.0","na","na","na","na","na","13.85","118.0","na","na","0.412","na","15.5",8.05,-1.179,"15.36","22.92","24.69","28.09","na","na","na","na","na","na"
"HTR",3,1996,"na","na","na","9.0","na","na","na","na","na","7.12","103.0","na","na","8.720","na","6.9",14.12,0.158,"13.83","23.36","24.96","24.76","na","na","na","na","na","na"
"HTR",3,1997,"na","na","44.43","15.0","na","na","na","na","2.445","10.70","na","na","na","1.130","na","12.1",15.51,0.464,"13.95","24.37","24.97","23.26","na","na","na","na","na","na"
"HTR",3,1998,"3243.7","3.511","60.00","24.0","na","na","na","na","na","na","na","na","na","na","na","na",19.1,1.255,"22.50","25.88","27.84","24.84","na","na","na","na","na","na"
"HTR",3,1999,"3942.7","3.596","na","20.0","80.0","35","na","na","na","6.80","140.0","na","1.700","0.400","200.0","6.6",8.19,-1.148,"18.75","23.29","27.04","26.80","na","na","na","na","na","na"
"HTR",3,2000,"6094.8","3.785","na","24.0","na","na","na","na","na","na","na","na","na","na","na","na",17.64,0.933,"18.26","na","26.16","25.46","na","na","na","na","na","na"
"HTR",3,2002,"na","na","na","na","na","na","na","na","na","na","na","na","na","na","na","na",7.85,-1.223,"15.55","24.94","27.67","27.90","na","na","na","na","na","na"
"HTR",3,2003,"4341.1","3.638","na","30.0","na","na","na","na","na","na","na","na","na","na","na","na",22.16,1.929,"14.91","21.18","25.12","na","na","na","na","na","na","na"
"HTR",3,2004,"4484.8","3.652","na","17.0","na","na","na","na","na","na","na","na","na","na","na","na",20.54,1.572,"19.70","25.26","25.43","22.95","na","na","na","na","na","na"
"HTR",3,2005,"8238.4","3.916","na","15.0","na","na","na","na","na","na","na","na","na","na","na","na",9.54,-0.851,"18.88","24.37","27.86","27.79","na","na","na","na","na","na"
"HTR",3,2006,"1878.7","3.274","na","23.0","346.0","na","2.160","na","0.782","na","150.0","na","1.700","0.760","470.0","na",11.69,-0.377,"18.08","23.47","27.30","26.66","na","na","na","na","na","na"
"HTR",3,2007,"8392.3","3.924","na","20.0","na","na","1.684","0.092","0.008","7.08","167.0","0.000","0.583","3.898","9.0","7.3",13.65,0.055,"19.45","26.87","27.07","27.44","na","na","na","na","na","na"
"HTR",3,2008,"30293.2","4.481","na","24.0","206.7","na","1.009","0.404","0.523","18.29","184.3","0.099","1.050","2.650","170.0","20.5",11.8,-0.353,"16.47","23.30","26.46","25.48","na","na","na","na","na","na"
"HTR",3,2009,"na","na","na","12.5","557.1","na","2.244","0.612","12.556","18.46","144.0","0.675","1.570","3.450","705.0","22.0",9.32,-0.899,"18.70","25.58","24.93","23.83","na","na","na","na","na","na"
"HTR",3,2010,"na","na","na","na","na","na","na","na","na","na","na","na","na","na","na","na",15.78,0.524,"19.55","22.95","28.41","26.45","na","na","na","na","na","na"
"HTR",3,2012,"152738.4","5.184","61.25","15.0","190.0","na","2.360","0.078","9.680","5.60","122.5","0.000","1.400","12.000","140.0","4.0",9.48,-0.864,"na","24.25","na","na","na","na","na","na","na","na"
"HTR",3,2013,"91747.4","4.963","na","23.0","106.5","na","1.267","0.028","0.239","7.18","176.7","na","na","na","na","na",12.22,-0.26,"na","na","na","na","na","na","na","na","na","na"
"HTR",3,2014,"529262.6","5.724","na","16.0","121.0","na","2.500","0.183","1.930","7.45","na","na","na","na","na","na",12.18,-0.269,"na","na","na","na","na","na","na","na","na","na"
"HTR",3,2018,"1413638.8","6.150","18.56","20.0","398.4","257","1.387","0.250","2.367","10.87","109.8","0.190","1.820","3.680","518.0","13.3",18.84,1.198,"23.05","22.94","26.81","24.68","na","na","na","na","na","na"
"MNR",1,1988,"na","na","20.60","75.0","35.6","282.5","0.390","0.050","0.271","2.20","28.6","0.100","0.533","0.083","40.3","3.3",7.96,-1.108,"na","na","na","na","na","na","na","na","na","na"
"MNR",1,1989,"na","na","5.50","72.0","21.3","12","0.200","0.050","0.160","2.20","28.9","0.133","0.271","0.433","37.9","3.7",16.17,0.795,"16.48","24.28","26.76","25.67","7.95","3.39","11.59","14.71","16.68","18.00"
"MNR",1,1992,"31378.6","4.497","4.38","117.0","126.8","42.75","0.633","0.280","na","5.00","28.9","0.133","0.367","0.900","42.3","5.0",19.07,1.467,"18.60","24.22","25.80","25.67","8.49","2.68","13.06","15.47","19.21","21.66"
"MNR",1,1994,"na","na","10.76","72.4","na","na","na","na","na","6.02","na","na","na","na","na","8.0",8.96,-0.877,"17.94","26.34","27.69","26.20","4.27","0.89","14.38","15.82","17.65","19.06"
"MNR",1,1995,"22185.3","4.346","3.32","53.7","na","na","na","na","na","5.66","25.4","na","na","0.045","na","7.4",12.29,-0.105,"18.43","24.94","26.89","30.34","5.44","1.47","14.39","16.30","17.80","18.82"
"MNR",1,2000,"757.8","2.880","na","101.5","na","na","na","na","na","na","na","na","na","na","na","na",18.38,1.307,"19.32","24.74","28.00","27.42","5.31","2.08","13.53","17.57","20.18","21.12"
"MNR",1,2003,"2501.0","3.398","na","115.0","na","na","na","na","na","na","na","na","na","na","na","na",16.58,0.89,"18.01","22.74","27.03","27.97","5.77","2.63","14.28","16.95","19.59","20.86"
"MNR",1,2007,"2843.5","3.454","na","84.0","na","na","0.379","0.018","0.008","2.96","33.0","0.260","0.696","0.038","17.0","4.7",8.56,-0.969,"21.06","25.11","27.01","28.54","4.23","1.35","12.16","15.08","17.21","19.52"
"MNR",1,2011,"na","na","na","na","na","na","na","na","na","na","na","na","na","na","na","na",8.07,-1.083,"na","na","na","na","na","na","na","na","na","na"
"MNR",1,2012,"na","na","na","72.0","na","na","na","na","na","na","na","na","na","na","na","na",8.13,-1.069,"na","na","na","25.69","na","na","na","na","na","21.00"
"MNR",1,2013,"8628.3","3.936","na","126.0","20.0","na","0.725","0.011","0.117","5.01","40.5","0.081","0.895","0.440","36.0","6.0",9.27,-0.805,"na","na","na","26.39","na","na","na","na","na","19.59"
"MNR",1,2015,"49067.8","4.691","3.62","87.0","30.3","na","1.000","0.168","0.148","7.36","32.0","0.177","1.600","0.172","58.0","12.0",14.52,0.412,"na","na","26.56","27.13","na","na","na","na","19.29","21.32"
"MNR",1,2017,"295307.0","5.470","8.11","84.0","25.9","9.1","0.632","0.086","0.003","6.42","42.6","0.137","0.357","0.304","44.3","3.8",14.26,0.352,"18.51","25.33","27.71","26.95","6.05","0.96","14.82","16.63","20.34","20.58"
"MSR",3,1987,"na","na","20.75","54.0","9.0","9","0.325","0.050","3.625","3.50","146.8","0.100","0.450","2.100","256.0","7.5",19.06,1.048,"na","na","na","na","na","na","na","na","na","na"
"MSR",3,1989,"na","na","6.00","18.5","69.4","32.6","0.560","0.150","3.300","3.80","134.2","0.300","0.550","4.550","77.0","4.0",12.83,-0.19,"14.92","22.28","25.35","24.65","10.50","3.11","12.81","18.20","21.01","22.63"
"MSR",3,1990,"na","na","10.50","na","na","na","na","na","na","na","na","na","na","na","na","na",17.92,0.821,"14.13","20.15","24.07","23.88","8.25","5.59","12.79","18.17","20.46","21.23"
"MSR",3,1991,"na","na","na","42.0","na","na","na","0.063","na","4.20","153.8","0.000","0.500","0.800","97.5","5.0",11.38,-0.478,"18.74","25.35","27.10","23.60","7.43","0.69","13.38","17.00","18.53","19.22"
"MSR",3,1992,"6024.6","3.780","7.93","36.0","5.0","5","1.550","0.050","4.550","7.00","88.1","0.050","1.300","2.850","92.5","6.5",13.25,-0.106,"15.93","18.37","23.20","22.62","6.72","4.71","12.72","16.20","20.83","21.13"
"MSR",3,1993,"11316.9","4.054","8.77","26.3","na","na","na","0.143","na","5.86","82.3","0.033","na","na","na","6.7",15.84,0.408,"16.56","19.83","25.93","25.50","7.25","3.89","13.21","17.29","22.32","23.63"
"MSR",3,1994,"na","na","8.93","38.0","na","na","na","na","na","11.67","na","na","na","na","na","13.5",16.2,0.48,"16.96","24.69","25.34","na","6.40","2.13","13.52","16.14","18.46","na"
"MSR",3,1996,"na","na","na","42.7","na","na","na","na","na","7.37","125.0","na","na","4.260","na","5.8",11.88,-0.378,"13.89","22.64","25.34","26.10","7.12","4.53","12.93","17.17","19.70","21.94"
"MSR",3,1998,"1807.9","3.257","18.67","43.0","na","na","0.567","na","na","5.70","110.0","na","0.800","na","na","7.3",30.62,3.344,"21.38","22.75","27.18","26.09","7.68","1.55","14.51","19.18","22.72","22.73"
"MSR",3,1999,"2092.9","3.321","na","46.7","20.0","10.83333333","0.700","na","3.200","5.32","120.0","na","1.100","1.100","155.0","4.8",6.03,-1.54,"18.26","23.43","27.41","25.96","5.27","1.85","13.56","18.54","20.03","21.02"
"MSR",3,2000,"4365.0","3.640","na","32.3","na","na","na","na","na","na","na","na","na","na","na","na",11.94,-0.366,"18.67","21.99","24.91","25.30","5.77","2.88","15.06","19.85","23.41","23.95"
"MSR",3,2003,"362.5","2.559","na","54.0","na","na","na","na","na","na","na","na","na","na","na","na",18.69,0.974,"17.23","22.31","25.60","25.51","8.82","4.55","15.75","19.50","22.27","22.97"
"MSR",3,2005,"7298.2","3.863","na","60.0","na","na","na","na","na","na","na","na","na","na","na","na",10.13,-0.726,"14.90","25.87","27.97","28.65","6.46","0.82","11.50","15.08","18.34","18.94"
"MSR",3,2008,"43463.0","4.638","na","37.0","56.3","na","0.904","0.058","2.598","17.20","152.5","0.014","1.285","0.175","560.0","18.5",10.54,-0.645,"15.70","21.30","25.46","25.76","5.49","2.33","13.94","19.41","22.90","23.92"
"MSR",3,2009,"na","na","na","38.5","118.6","na","0.969","0.118","10.300","16.90","160.0","0.068","0.728","5.125","275.0","16.0",10.7,-0.613,"18.22","24.01","24.33","25.00","6.42","1.55","15.50","18.60","20.56","22.03"
"MSR",3,2010,"38449.8","4.585","na","14.5","94.6","na","2.004","0.025","1.657","5.68","116.2","0.085","1.100","2.800","140.0","4.0",17.07,0.652,"17.81","26.32","28.42","27.70","5.05","3.17","15.86","20.79","23.93","25.14"
"MSR",3,2013,"242895.0","5.385","na","38.0","31.4","na","0.964","0.044","0.914","5.36","170.0","na","na","na","na","na",10.86,-0.581,"na","na","na","na","na","na","na","na","na","na"
"MSR",3,2014,"111482.9","5.047","na","32.0","114.2","na","1.850","0.141","0.858","6.18","142.8","na","na","na","na","na",11.13,-0.527,"na","na","na","na","na","na","na","na","na","na"
"MSR",3,2015,"36262.2","4.559","3.22","51.0","30.2","na","1.680","0.344","0.279","5.64","186.0","0.226","2.700","1.140","117.0","5.0",22.03,1.638,"na","na","na","23.99","na","na","na","na","na","22.93"
"MSR",3,2016,"618491.5","5.791","13.11","47.0","68.8","na","0.730","0.136","0.210","6.64","141.0","0.231","0.974","1.140","188.0","6.8",12.64,-0.227,"16.90","24.50","27.26","26.14","6.19","1.90","12.59","16.97","20.21","21.31"
"MSR",3,2017,"2158500.0","6.334","24.00","24.0","23.0","50.55","1.057","0.106","3.649","8.97","na","0.084","0.510","3.480","96.0","5.2",18.72,0.98,"na","22.84","26.37","25.04","na","3.55","na","19.72","22.66","23.57"
"MSR",3,2018,"701070.2","5.846","14.43","58.0","158.8","93.3","0.929","0.156","1.067","6.65","131.3","0.155","1.270","1.660","345.0","11.0",19.11,1.058,"19.67","23.29","26.82","26.44","7.25","2.87","11.71","19.55","22.50","24.04"
"NRR",3,1988,"124.3","2.094","2.20","144.0","5.0","52.5","0.200","0.050","1.467","1.00","112.0","0.100","0.200","1.450","96.0","0.8",11.77,-0.202,"na","na","na","na","na","na","na","na","na","na"
"NRR",3,1989,"na","na","4.50","96.0","13.7","17","0.300","0.050","0.400","1.67","119.5","0.000","0.175","1.500","68.3","2.1",12.79,0.078,"19.58","24.89","26.87","27.42","4.31","1.63","10.28","11.98","15.12","17.24"
"NRR",3,1991,"na","na","na","131.0","25.3","11.66666667","0.200","0.050","0.800","2.33","88.5","0.000","0.350","1.350","61.0","3.8",8.96,-0.973,"21.88","27.04","29.45","27.96","5.18","2.28","11.43","12.56","12.69","13.75"
"NRR",3,1992,"7673.6","3.885","9.10","65.3","188.0","76","0.400","0.075","0.500","5.78","69.5","0.083","na","2.650","163.3","5.5",16.54,1.106,"20.27","23.83","26.50","26.12","3.73","0.50","11.27","14.39","17.49","19.86"
"NRR",3,1994,"na","na","6.52","87.3","na","na","na","na","na","9.86","na","na","na","na","na","5.8",7.92,-1.258,"18.84","25.28","27.21","24.94","4.04","1.10","12.38","12.73","13.25","13.08"
"NRR",3,1996,"na","na","na","64.7","na","na","na","na","na","4.00","79.2","na","na","1.478","na","3.0",13.75,0.341,"17.90","23.17","24.80","24.98","5.61","1.58","11.39","14.29","15.18","16.08"
"NRR",3,1997,"na","na","9.76","50.0","10.3","na","na","na","1.416","4.47","na","0.079","na","1.961","na","5.8",12.12,-0.106,"14.26","19.75","25.23","22.53","4.64","2.22","10.07","11.71","13.52","13.34"
"NRR",3,1999,"382.3","2.582","na","75.0","5.8","6.666666667","0.300","na","0.765","2.50","90.0","0.067","0.440","1.540","107.5","3.4",8.86,-1.0,"22.39","26.55","29.32","28.32","5.75","2.95","9.60","10.94","11.47","12.49"
"NRR",3,2002,"na","na","na","61.7","na","na","na","na","na","na","na","na","na","na","na","na",9.91,-0.712,"19.44","26.62","29.48","28.81","3.37","0.89","15.62","15.93","16.00","16.49"
"NRR",3,2004,"34053.5","4.532","na","41.3","na","na","na","na","na","na","na","na","na","na","na","na",10.48,-0.556,"21.69","26.24","27.73","26.44","2.84","0.67","13.44","18.94","19.33","21.01"
"NRR",3,2005,"3080.0","3.489","na","108.0","na","na","na","na","na","na","na","na","na","na","na","na",16.35,1.054,"20.56","26.63","28.89","29.30","3.50","0.41","11.87","13.11","13.65","14.14"
"NRR",3,2006,"616.0","2.790","na","62.5","16.3","na","1.238","na","0.434","3.35","72.2","na","0.543","1.908","110.0","2.3",11.29,-0.334,"20.47","26.39","28.75","28.56","4.00","1.31","11.49","17.64","18.99","19.72"
"NRR",3,2008,"30082.1","4.478","na","na","1.9","na","na","0.021","0.078","9.85","95.8","na","na","na","na","na",7.91,-1.261,"18.75","26.24","27.05","27.79","4.92","0.96","14.71","15.73","16.53","17.03"
"NRR",3,2009,"na","na","na","75.0","23.9","na","0.735","0.084","2.895","9.42","88.5","0.066","0.769","10.063","151.5","12.6",15.88,0.925,"20.56","26.92","26.95","26.82","5.34","0.81","15.86","18.14","20.10","21.33"
"NRR",3,2010,"22885.1","4.360","na","116.0","na","na","na","na","na","na","na","na","na","na","na","na",12.34,-0.046,"21.56","27.93","29.17","29.53","4.99","0.82","14.96","17.81","18.33","18.98"
"NRR",3,2012,"79974.5","4.903","na","107.0","na","na","na","na","na","na","na","na","na","na","na","na",11.86,-0.177,"na","na","na","na","na","na","na","na","na","na"
"NRR",3,2016,"331181.9","5.520","6.38","75.0","12.0","na","0.473","0.092","0.168","4.88","87.3","na","na","na","na","na",21.29,2.409,"21.24","26.10","29.16","29.59","4.11","2.47","14.84","17.26","19.77","22.62"
"PRR",1,1991,"na","na","na","124.0","na","na","na","0.050","na","na","87.0","0.000","0.600","0.175","5.0","8.0",7.07,-1.363,"22.00","27.23","30.08","26.90","7.16","2.75","13.29","13.91","15.47","16.50"
"PRR",1,1995,"370.2","2.568","na","189.0","na","na","na","na","na","5.40","55.0","na","na","na","na","7.3",16.13,1.066,"20.31","25.47","27.35","30.65","5.40","1.71","15.22","16.17","17.16","17.18"
"PRR",1,1996,"na","na","na","85.0","na","na","na","na","0.253","4.30","48.5","na","na","0.194","na","3.3",13.61,0.39,"17.73","25.12","27.48","27.32","7.20","2.40","14.13","15.26","15.14","15.34"
"PRR",1,1998,"1692.2","3.228","6.31","82.0","na","na","0.600","na","na","3.08","51.5","na","0.300","na","na","2.0",14.1,0.522,"23.05","24.61","28.07","27.95","8.46","2.05","14.43","15.64","17.40","17.58"
"PRR",1,2000,"1348.9","3.130","na","63.0","na","na","na","na","na","na","na","na","na","na","na","na",17.54,1.444,"20.35","25.08","28.14","27.32","5.19","2.30","13.97","15.76","17.56","17.64"
"PRR",1,2001,"na","na","na","78.7","na","na","na","na","na","na","na","na","na","na","na","na",13.39,0.331,"22.30","25.58","28.35","28.21","3.54","1.57","14.57","15.98","17.20","18.08"
"PRR",1,2002,"2535.2","3.404","na","75.0","na","na","na","na","na","na","na","na","na","na","na","na",6.8,-1.436,"19.50","27.40","29.62","28.17","4.72","1.38","15.27","15.60","16.55","17.43"
"PRR",1,2004,"3917.8","3.593","na","87.8","na","na","na","na","na","na","na","na","na","na","na","na",12.32,0.045,"21.82","26.08","27.48","26.57","3.49","1.00","14.29","15.41","15.93","16.67"
"PRR",1,2006,"4073.0","3.610","na","71.7","na","na","na","na","na","na","na","na","na","na","na","na",18.63,1.736,"18.83","25.99","28.60","29.11","4.76","1.18","14.29","14.89","16.34","17.04"
"PRR",1,2007,"4473.9","3.651","na","72.0","na","na","0.344","0.018","0.008","3.25","60.0","0.000","0.391","0.008","9.0","4.2",7.91,-1.138,"21.24","25.90","27.46","28.86","4.08","1.82","11.78","13.11","14.68","16.06"
"PRR",1,2008,"22251.9","4.347","na","na","26.7","na","0.187","0.044","0.017","8.44","71.1","0.024","0.410","0.200","19.5","15.0",9.44,-0.728,"17.42","25.70","27.11","27.91","5.88","1.69","13.42","14.64","15.25","15.34"
"PRR",1,2010,"62844.4","4.798","na","74.0","7.9","na","0.300","0.025","0.052","3.10","66.0","0.000","0.140","0.260","13.0","3.3",10.72,-0.384,"23.10","29.94","31.83","32.56","3.88","1.89","15.73","17.00","18.14","19.49"
"PRR",1,2011,"na","na","na","na","na","na","na","na","na","na","na","na","na","na","na","na",12.7,0.146,"na","na","na","na","na","na","na","na","na","na"
"PRR",1,2014,"407748.2","5.610","na","60.0","35.7","na","1.450","0.241","0.006","5.30","58.2","na","na","na","na","na",10.33,-0.489,"na","na","na","30.27","na","na","na","na","na","18.23"
"PRR",1,2015,"227854.1","5.358","7.30","58.0","3.2","na","1.183","0.135","0.059","3.82","59.4","0.076","0.600","0.397","2.0","2.0",19.72,2.029,"na","na","26.23","26.64","na","na","na","na","15.95","16.28"
"PRR",1,2017,"1385836.3","6.142","5.72","98.0","21.6","9.2","0.514","0.097","0.041","6.04","62.4","0.105","0.330","0.828","27.0","4.3",13.04,0.238,"21.08","25.49","28.71","26.87","4.22","1.62","15.55","16.34","17.62","18.46"
"PRR",1,2018,"556079.5","5.745","9.86","124.0","47.1","37.8","0.570","0.174","0.006","5.09","74.8","0.138","0.477","0.069","101.0","3.8",17.02,1.305,"22.31","26.61","27.70","28.42","7.94","2.96","12.26","13.45","15.29","15.60"
"RRR",2,1987,"na","na","8.00","78.0","16.5","12.5","0.200","0.050","0.150","2.00","85.5","0.200","0.450","0.725","92.8","4.5",7.28,-1.393,"na","na","na","na","na","na","na","na","na","na"
"RRR",2,1990,"na","na","na","na","na","na","na","na","na","na","na","na","na","na","na","na",10.87,-0.305,"17.40","24.91","27.47","27.31","4.94","0.93","12.03","15.54","15.80","15.87"
"RRR",2,1991,"na","na","na","72.0","na","na","na","0.050","na","na","na","0.025","0.163","0.550","17.0","5.5",5.74,-1.86,"22.45","27.40","30.09","27.43","na","1.54","12.60","14.43","16.37","17.25"
"RRR",2,1998,"1669.6","3.223","15.20","84.0","na","na","0.050","na","na","4.50","79.0","na","0.075","na","na","3.2",13.19,0.399,"22.18","26.90","28.53","28.70","3.81","0.69","13.79","16.10","18.75","19.84"
"RRR",2,1999,"249.7","2.397","na","na","15.0","5","0.050","na","0.175","4.05","78.0","na","0.175","0.555","23.3","2.6",7.59,-1.299,"23.56","26.88","29.91","28.15","4.17","1.32","13.75","14.10","14.94","16.36"
"RRR",2,2001,"6799.6","3.832","na","64.3","na","na","na","na","na","na","na","na","na","na","na","na",15.37,1.06,"23.36","25.64","28.25","29.24","-0.49","0.84","12.54","14.86","15.37","17.53"
"RRR",2,2005,"717.4","2.856","na","84.0","na","na","na","na","na","na","na","na","na","na","na","na",14.78,0.881,"21.41","26.20","28.47","29.12","3.54","0.60","12.30","12.98","14.17","15.37"
"RRR",2,2006,"883.2","2.946","na","67.7","46.7","na","0.540","na","0.010","4.23","79.8","na","0.763","0.857","140.0","5.5",13.13,0.381,"20.66","25.67","29.66","29.94","3.07","0.59","12.47","17.40","19.33","21.04"
"RRR",2,2007,"560.8","2.749","na","96.0","na","na","0.271","0.018","0.008","3.61","101.0","0.000","0.361","0.644","19.3","4.6",8.83,-0.923,"22.58","26.91","28.51","29.79","3.66","2.04","11.61","12.75","14.33","15.55"
"RRR",2,2009,"na","na","na","64.0","48.6","na","0.731","0.051","0.849","9.81","98.5","0.054","1.060","3.904","187.5","14.0",18.16,1.906,"21.37","27.54","25.96","28.70","3.16","0.43","15.27","19.14","21.04","22.88"
"RRR",2,2011,"33559.8","4.526","na","64.0","30.8","na","0.680","0.021","0.086","6.60","72.3","0.000","0.580","1.200","7.0","3.4",12.42,0.165,"na","24.61","na","na","na","0.35","na","16.04","na","na"
"RRR",2,2013,"109762.8","5.040","na","80.0","14.1","na","0.286","0.011","0.132","3.71","94.7","na","na","na","na","na",16.69,1.46,"na","na","na","na","na","na","na","na","na","na"
"RRR",2,2015,"67577.6","4.830","3.03","81.0","3.9","na","0.822","0.152","0.099","3.81","82.5","0.137","0.700","0.384","2.0","2.8",18.97,2.152,"na","na","28.04","na","na","na","na","na","19.48","na"
"RRR",2,2018,"1079339.4","6.033","8.98","60.0","19.3","30.7","0.242","0.117","0.027","4.86","93.7","0.137","0.119","0.888","74.0","3.1",13.32,0.438,"24.20","29.53","29.47","28.56","4.50","0.40","13.07","16.09","21.79","23.06"
"SRR",3,1987,"na","na","10.60","na","24.0","24","0.700","0.050","4.700","5.50","130.0","na","na","na","na","na",15.67,0.751,"na","na","na","na","na","na","na","na","na","na"
"SRR",3,1989,"na","na","12.00","17.0","89.7","42.33333333","0.667","0.133","2.800","3.67","99.5","na","na","na","na","na",13.47,0.176,"15.49","23.18","26.59","25.42","8.84","3.12","12.90","18.11","20.92","22.40"
"SRR",3,1990,"na","na","4.00","44.0","na","na","na","na","na","na","na","na","na","na","na","na",16.68,1.015,"15.23","21.95","25.32","24.31","7.86","3.92","11.63","17.33","20.06","20.99"
"SRR",3,1992,"3895.9","3.591","25.08","24.0","5.0","5","1.250","0.050","3.900","9.50","111.5","na","na","na","na","na",11.08,-0.448,"16.59","20.73","23.62","24.47","6.94","2.39","12.19","16.16","19.74","21.65"
"SRR",3,1994,"na","na","8.53","28.0","na","na","na","na","na","14.00","na","na","na","na","na","na",13.33,0.14,"14.80","25.51","na","na","8.13","3.07","12.59","14.68","na","na"
"SRR",3,1995,"480.4","2.682","na","42.0","na","na","na","na","na","10.43","134.0","na","na","na","na","na",7.65,-1.343,"15.12","24.21","26.95","29.25","9.00","2.06","12.30","17.36","20.68","22.29"
"SRR",3,1996,"na","na","na","39.0","na","na","na","na","na","8.03","115.0","na","na","na","na","na",14.45,0.432,"15.16","22.86","24.63","25.17","8.88","4.75","11.83","15.80","18.73","22.16"
"SRR",3,1997,"na","na","10.13","39.0","na","na","na","na","na","6.96","na","na","na","na","na","na",15.92,0.816,"13.53","22.50","25.90","na","7.00","3.83","11.73","15.13","20.19","na"
"SRR",3,1999,"1258.6","3.100","na","53.0","15.0","12.5","na","na","na","6.65","110.0","na","na","na","na","na",11.5,-0.338,"18.34","25.55","31.68","26.92","6.79","2.72","13.09","20.05","23.25","20.36"
"SRR",3,2003,"70699.0","4.849","na","28.0","na","na","na","na","na","na","na","na","na","na","na","na",16.55,0.981,"18.10","21.71","25.05","26.81","6.12","2.58","13.85","16.91","20.32","22.61"
"SRR",3,2004,"115935.6","5.064","na","39.0","na","na","na","na","na","na","na","na","na","na","na","na",16.34,0.926,"18.78","23.59","24.13","24.92","5.69","1.87","14.71","18.60","22.08","22.20"
"SRR",3,2008,"20304.2","4.308","na","33.0","1025.0","na","1.040","0.145","2.975","11.25","132.5","na","na","na","na","na",7.92,-1.273,"16.28","24.83","25.29","25.29","6.75","2.84","14.08","19.83","23.10","23.17"
"SRR",3,2009,"na","na","na","36.0","162.0","na","0.937","0.127","12.442","15.00","133.3","na","na","na","na","na",9.71,-0.805,"18.23","23.42","24.09","24.42","6.77","1.97","15.80","17.94","20.27","20.23"
"SRR",3,2010,"5256.0","3.721","na","23.0","207.3","na","1.447","0.127","6.407","10.69","114.5","na","na","na","na","na",16.64,1.004,"18.23","25.55","28.50","26.99","4.32","1.42","15.49","20.57","23.83","25.20"
"SRR",3,2011,"na","na","na","na","na","na","na","na","na","na","na","na","na","na","na","na",9.13,-0.957,"na","na","na","na","na","na","na","na","na","na"
"SRR",3,2015,"63277.5","4.801","1.80","40.0","19.6","na","1.133","0.209","0.046","6.27","121.6","na","na","na","na","na",20.73,2.072,"na","na","na","24.25","na","na","na","na","na","23.24"
"TAR",2,1989,"na","na","14.19","28.3","75.7","16.6","0.450","0.077","0.202","3.97","103.3","0.100","0.533","1.467","511.7","6.0",15.8,0.745,"17.18","25.74","27.74","26.59","3.88","0.43","7.99","11.13","11.65","11.83"
"TAR",2,1990,"na","na","20.43","25.5","120.8","10.5","0.544","0.088","0.306","6.13","118.9","na","na","na","na","na",13.51,0.188,"17.53","23.88","26.64","26.82","2.79","0.74","9.79","13.59","13.47","14.90"
"TAR",2,1993,"63250.0","4.801","16.54","32.0","na","na","na","0.293","na","6.14","108.3","na","na","na","na","na",14.49,0.427,"20.43","24.25","29.05","28.13","4.72","1.31","8.41","9.63","11.03","11.55"
"TAR",2,1997,"na","na","30.37","32.0","na","na","na","na","0.005","7.89","na","na","na","0.195","na","8.7",9.87,-0.696,"16.57","22.59","27.45","25.87","3.22","1.83","12.55","16.08","17.28","17.01"
"TAR",2,1999,"30342.9","4.482","na","30.7","52.1","5.833333333","0.820","na","0.057","5.90","75.3","na","0.800","0.160","455.0","7.3",9.6,-0.762,"21.50","27.77","29.54","28.55","2.33","0.92","10.20","12.34","14.13","14.25"
"TAR",2,2001,"9307.6","3.969","na","41.0","na","na","na","na","na","na","na","na","na","na","na","na",8.28,-1.083,"23.64","25.14","27.41","28.08","2.53","0.34","10.21","10.95","11.31","11.85"
"TAR",2,2002,"na","na","na","28.3","na","na","na","na","na","na","na","na","na","na","na","na",5.41,-1.781,"18.37","26.00","29.75","28.59","2.16","0.16","13.54","14.26","13.93","14.26"
"TAR",2,2004,"17704.6","4.248","na","26.0","na","na","na","na","na","na","na","na","na","na","na","na",14.4,0.405,"22.01","26.37","27.47","26.61","2.18","0.42","11.05","16.94","17.13","19.22"
"TAR",2,2007,"11295.5","4.053","na","48.0","na","na","0.461","0.018","0.008","4.33","118.0","0.123","0.935","0.008","244.0","6.1",6.6,-1.491,"21.62","26.59","27.13","28.59","1.35","0.01","9.44","10.30","10.76","11.23"
"TAR",2,2008,"53000.6","4.724","na","34.0","310.3","na","0.706","0.272","0.061","14.57","125.7","0.085","0.285","0.385","205.0","15.5",7.92,-1.17,"18.75","26.00","27.37","27.81","2.87","0.24","12.77","13.55","13.95","14.29"
"TAR",2,2009,"na","na","na","23.5","264.6","na","1.192","0.098","0.085","12.11","135.0","0.058","1.010","1.540","430.5","14.5",15.09,0.572,"21.37","26.90","25.55","27.97","2.07","0.05","12.91","14.47","15.21","16.71"
"TAR",2,2011,"na","na","na","na","na","na","na","na","na","na","na","na","na","na","na","na",15.9,0.769,"na","25.37","31.25","29.50","na","0.46","na","17.93","18.74","19.18"
"TAR",2,2015,"942997.7","5.975","8.80","24.0","39.9","na","1.843","0.147","0.038","5.96","86.2","0.130","1.600","1.410","235.0","4.5",23.58,2.636,"na","na","na","27.72","na","na","na","na","na","20.65"
"WFR",3,1987,"na","na","na","10.0","220.1","45.33333333","0.900","0.454","0.180","7.83","100.0","0.000","na","0.650","161.5","7.0",7.24,-1.293,"na","na","na","na","na","na","na","na","na","na"
"WFR",3,1991,"na","na","na","14.0","340.7","13.75","1.217","0.317","na","7.43","125.0","0.000","na","0.125","155.3","6.3",8.67,-0.795,"20.39","25.42","26.98","24.93","na","na","na","na","na","na"
"WFR",3,1993,"14429.0","4.159","63.93","12.0","na","na","na","0.613","na","7.75","91.7","0.533","na","na","na","8.5",6.05,-1.708,"20.20","23.24","28.46","26.05","na","na","na","na","na","na"
"WFR",3,1997,"na","na","17.00","10.0","na","na","na","na","na","na","na","na","na","0.642","na","12.6",12.75,0.627,"na","na","25.96","24.68","na","na","na","na","na","na"
"WFR",3,1998,"4576.2","3.661","39.33","na","na","na","1.275","na","na","6.03","72.5","na","na","na","na","5.2",12.21,0.439,"23.72","23.26","24.90","26.85","na","na","na","na","na","na"
"WFR",3,1999,"829.6","2.919","na","25.0","75.0","5","0.700","na","0.025","7.13","95.5","na","na","0.370","100.0","5.1",8.04,-1.014,"22.17","25.32","28.62","25.98","na","na","na","na","na","na"
"WFR",3,2001,"8396.9","3.924","na","17.0","na","na","na","na","na","na","na","na","na","na","na","na",15.4,1.55,"25.19","22.67","26.40","27.85","na","na","na","na","na","na"
"WFR",3,2003,"390.7","2.592","na","14.0","na","na","na","na","na","na","na","na","na","na","na","na",18.45,2.613,"20.38","22.04","26.18","26.82","na","na","na","na","na","na"
"WFR",3,2005,"11564.0","4.063","na","20.0","na","na","na","na","na","na","na","na","na","na","na","na",10.57,-0.133,"18.54","25.89","27.40","27.74","na","na","na","na","na","na"
"WFR",3,2006,"7108.1","3.852","na","22.3","na","na","na","na","na","na","na","na","na","na","na","na",9.53,-0.495,"20.30","25.17","28.82","27.02","na","na","na","na","na","na"
"WFR",3,2008,"35644.0","4.552","na","na","na","na","na","na","na","na","na","0.095","na","0.078","51.5","10.3",10.5,-0.157,"17.31","25.31","26.34","25.28","na","na","na","na","na","na"
"WFR",3,2009,"na","na","na","17.5","293.2","na","1.242","0.149","0.322","11.81","100.0","0.130","na","0.610","240.0","16.0",13.87,1.017,"20.55","25.45","26.27","27.14","na","na","na","na","na","na"
"WFR",3,2010,"na","na","na","na","na","na","na","na","na","na","na","na","na","na","na","na",13.04,0.728,"20.63","26.86","30.10","29.64","na","na","na","na","na","na"
"WFR",3,2011,"na","na","na","na","na","na","na","na","na","na","na","na","na","na","na","na",10.86,-0.032,"na","na","na","na","na","na","na","na","na","na"
"WFR",3,2012,"143095.1","5.156","25.50","13.0","100.5","na","0.922","0.015","0.022","5.35","113.3","na","na","na","na","na",6.98,-1.384,"na","na","31.49","na","na","na","na","na","na","na"
"WFR",3,2013,"419674.4","5.623","na","21.0","80.3","na","1.725","0.011","0.110","5.70","na","na","na","na","na","na",11.84,0.31,"na","na","na","28.26","na","na","na","na","na","na"
"WFR",3,2014,"543030.5","5.735","na","17.3","98.0","na","1.942","0.194","0.048","5.76","106.7","na","na","na","na","na",10.3,-0.227,"na","na","25.64","26.41","na","na","na","na","na","na"
"WFR",3,2016,"311860.0","5.494","18.96","22.0","84.6","na","0.939","0.141","0.040","8.62","na","na","na","na","na","na",15.82,1.697,"21.04","25.94","28.42","28.82","na","na","na","na","na","na"
